,precision,recall,f1-score,support
0,1.0,0.98,0.98989898989899,50.0
1,0.6666666666666666,1.0,0.8,2.0
accuracy,0.9807692307692307,0.9807692307692307,0.9807692307692307,0.9807692307692307
macro avg,0.8333333333333333,0.99,0.8949494949494949,52.0
weighted avg,0.9871794871794872,0.9807692307692307,0.9825951825951826,52.0
