,precision,recall,f1-score,support
0,0.8998532648569333,0.9646087298466378,0.931106471816284,2543.0
1,0.7124600638977636,0.4495967741935484,0.5512978986402965,496.0
accuracy,0.8805528134254689,0.8805528134254689,0.8805528134254689,0.8805528134254689
macro avg,0.8061566643773485,0.7071027520200931,0.7412021852282903,3039.0
weighted avg,0.8692685239303956,0.8805528134254689,0.8691173134433687,3039.0
